Disease,Diet
Fungal infection,"Antifungal Diet, Probiotics, Garlic, Coconut oil, Turmeric"
Allergy,"Elimination Diet, Omega-3-rich foods, Vitamin C-rich foods, Quercetin-rich foods, Probiotics"
GERD,"Low-Acid Diet, Fiber-rich foods, Ginger, Licorice, Aloe vera juice"
Chronic cholestasis,"Low-Fat Diet, High-Fiber Diet, Lean proteins, Whole grains, Fresh fruits and vegetables"
Drug Reaction,"Antihistamine Diet, Omega-3-rich foods, Vitamin C-rich foods, Quercetin-rich foods, Probiotics"
Diabetes,"Low-Glycemic Diet, Fiber-rich foods, Lean proteins, Healthy fats, Low-fat dairy"
Gastroenteritis,"Bland Diet, Bananas, Rice, Applesauce, Toast"
Bronchial Asthma,"Anti-Inflammatory Diet, Omega-3-rich foods, Fruits and vegetables, Whole grains, Lean proteins"
Hypertension,"DASH Diet, Low-sodium foods, Fruits and vegetables, Whole grains, Lean proteins"
Migraine,"Migraine Diet, Low-Tyramine Diet, Caffeine withdrawal, Hydration, Magnesium-rich foods"
Cervical spondylosis,"Arthritis Diet, Anti-Inflammatory Diet, Omega-3-rich foods, Fruits and vegetables, Whole grains"
Jaundice,"Liver-Healthy Diet, Low-fat Diet, Fruits and vegetables, Whole grains, Lean proteins"
Malaria,"Malaria Diet, Hydration, High-Calorie Diet, Soft and bland foods, Oral rehydration solutions"
Chicken pox,"Chicken Pox Diet, High-Calorie Diet, Soft and bland foods, Hydration, Protein-rich foods"
Dengue,"Dengue Diet, Hydration, High-Calorie Diet, Soft and bland foods, Protein-rich foods"
Typhoid,"Typhoid Diet, High-Calorie Diet, Soft and bland foods, Hydration, Protein-rich foods"
hepatitis A,"Hepatitis A Diet, High-Calorie Diet, Soft and bland foods, Hydration, Protein-rich foods"
Hepatitis B,"Hepatitis B Diet, High-Calorie Diet, Soft and bland foods, Hydration, Protein-rich foods"
Hepatitis C,"Hepatitis C Diet, High-Calorie Diet, Soft and bland foods, Hydration, Protein-rich foods"
Hepatitis D,"Hepatitis D Diet, High-Calorie Diet, Soft and bland foods, Hydration, Protein-rich foods"
Hepatitis E,"Hepatitis E Diet, High-Calorie Diet, Soft and bland foods, Hydration, Protein-rich foods"
Alcoholic hepatitis,"Liver-Healthy Diet, Low-fat Diet, Fruits and vegetables, Whole grains, Lean proteins"
Tuberculosis,"TB Diet, High-Calorie Diet, Soft and bland foods, Hydration, Protein-rich foods"
Common Cold,"Cold Diet, Hydration, Warm fluids, Rest, Honey and lemon tea"
Pneumonia,"Pneumonia Diet, High-Calorie Diet, Soft and bland foods, Hydration, Protein-rich foods"
Dimorphic hemmorhoids(piles),"Hemorrhoids Diet, High-Fiber Diet, Hydration, Warm baths, Stool softeners"
Heart attack,"Heart-Healthy Diet, Low-sodium foods, Fruits and vegetables, Whole grains, Lean proteins"
Varicose veins,"Varicose Veins Diet, High-Fiber Diet, Fruits and vegetables, Whole grains, Low-sodium foods"
Hypothyroidism,"Hypothyroidism Diet, Iodine-rich foods, Selenium-rich foods, Fruits and vegetables, Whole grains"
Hyperthyroidism,"Hyperthyroidism Diet, Low-Iodine Diet, Calcium-rich foods, Selenium-rich foods, Fruits and vegetables"
Hypoglycemia,"Hypoglycemia Diet, Complex carbohydrates, Protein-rich snacks, Fiber-rich foods, Healthy fats"
Osteoarthristis,"Arthritis Diet, Anti-Inflammatory Diet, Omega-3-rich foods, Fruits and vegetables, Whole grains"
Arthritis,"Arthritis Diet, Anti-Inflammatory Diet, Omega-3-rich foods, Fruits and vegetables, Whole grains"
Acne,"Acne Diet, Low-Glycemic Diet, Hydration, Fruits and vegetables, Probiotics"
Urinary tract infection,"UTI Diet, Hydration, Cranberry juice, Probiotics, Vitamin C-rich foods"
Psoriasis,"Psoriasis Diet, Anti-Inflammatory Diet, Omega-3-rich foods, Fruits and vegetables, Whole grains"
Impetigo,"Impetigo Diet, Antibiotic treatment, Fruits and vegetables, Hydration, Protein-rich foods"
